University,Industry Income-16,Industry Income-17,,,B2-C2,D2/B2,E2^2,,,
Johns Hopkins UniversityUnited States,100,100,,,0,0,0,,,0
Duke UniversityUnited States,100,100,,,0,0,0,,,0
LMU MunichGermany,100,100,,,0,0,0,,,0
Peking UniversityChina,100,100,,,0,0,0,,,0
Wageningen University & ResearchNetherlands,100,100,,,0,0,0,,,0
University of FreiburgGermany,100,100,,,0,0,0,,,0
"Korea Advanced Institute of Science and Technology (KAIST)Korea, Republic of",100,100,,,0,0,0,,,0
Pontifical Catholic University of Rio de Janeiro (PUC-Rio)Brazil,100,100,,,0,0,0,,,0
China University of Petroleum (Beijing)China,100,100,,,0,0,0,,,0
University of StuttgartGermany,99.8,100,,,-0.2,-0.002004008,0.000004016,,,0.002004008
University of the WitwatersrandSouth Africa,99.7,100,,,-0.3,-0.0030090271,9.054243975658E-006,,,0.0030090271
Technical University of MunichGermany,99.2,100,,,-0.8,-0.0080645161,6.5036420395421E-005,,,0.0080645161
Istanbul Technical UniversityTurkey,72.1,100,,,-27.9,-0.386962552,0.1497400167,,,0.386962552
Delft University of TechnologyNetherlands,100,99.9,,,0.1,0.001,0.000001,,,0.001
KU LeuvenBelgium,100,99.8,,,0.2,0.002,0.000004,,,0.002
Tsinghua UniversityChina,100,99.7,,,0.3,0.003,0.000009,,,0.003
National Research Nuclear University MePhIRussian Federation,99.8,99.7,,,0.1,0.001002004,0.000001004,,,0.001002004
"Pohang University of Science and TechnologyKorea, Republic of",100,99.6,,,0.4,0.004,0.000016,,,0.004
National Cheng Kung University (NCKU)Taiwan,100,99.4,,,0.6,0.006,0.000036,,,0.006
University of LiÃ¨geBelgium,98.9,99.4,,,-0.5,-0.0050556117,2.55592099545966E-005,,,0.0050556117
RWTH Aachen UniversityGermany,98.1,99.4,,,-1.3,-0.0132517839,0.0001756098,,,0.0132517839
Tianjin UniversityChina,100,99.3,,,0.7,0.007,0.000049,,,0.007
University of BaselSwitzerland,99.9,99.3,,,0.6,0.006006006,3.60721081441812E-005,,,0.006006006
Swedish University of Agricultural SciencesSweden,99.9,98.9,,,1,0.01001001,0.0001002003,,,0.01001001
Indian Institute of Technology KanpurIndia,28,98.8,28,98.8,-70.8,-2.5285714286,6.3936734694,,,2.5285714286
Tongji UniversityChina,63.5,98.7,,,-35.2,-0.5543307087,0.3072825346,,,0.5543307087
Moscow Institute of Physics and TechnologyRussian Federation,62.8,98.7,,,-35.9,-0.571656051,0.3267906406,,,0.571656051
"Korea UniversityKorea, Republic of",99.8,98.6,,,1.2,0.0120240481,0.0001445777,,,0.0120240481
Karlsruhe Institute of TechnologyGermany,99.5,98.3,,,1.2,0.0120603015,0.0001454509,,,0.0120603015
Taipei Medical UniversityTaiwan,42.2,97.9,,,-55.7,-1.3199052133,1.742149772,,,1.3199052133
Harbin Institute of TechnologyChina,99.8,97.7,,,2.1,0.0210420842,0.0004427693,,,0.0210420842
King Saud UniversitySaudi Arabia,57.4,96.4,,,-39,-0.6794425087,0.4616421226,,,0.6794425087
University of Erlangen-NurembergGermany,99.4,96,,,3.4,0.0342052314,0.0011699979,,,0.0342052314
University of South FloridaUnited States,99.8,95.8,,,4,0.0400801603,0.0016064193,,,0.0400801603
TU Dresden Germany,99.7,95.7,,,4,0.0401203611,0.0016096434,,,0.0401203611
Technical University of DarmstadtGermany,99.1,95.1,,,4,0.0403632694,0.0016291935,,,0.0403632694
University of MinnesotaUnited States,98.5,94.2,,,4.3,0.0436548223,0.0019057435,,,0.0436548223
Nanyang Technological UniversitySingapore,99.9,93.5,,,6.4,0.0640640641,0.0041042043,,,0.0640640641
Monterrey Institute of Technology and Higher EducationMexico,75.8,93.5,,,-17.7,-0.2335092348,0.0545265628,,,0.2335092348
King Fahd University of Petroleum and MineralsSaudi Arabia,81.2,92.8,,,-11.6,-0.1428571429,0.0204081633,,,0.1428571429
University of DelawareUnited States,98.7,92.5,,,6.2,0.062816616,0.0039459272,,,0.062816616
Wuhan UniversityChina,97.8,91.1,,,6.7,0.0685071575,0.0046932306,,,0.0685071575
California Institute of TechnologyUnited States,97.8,90.8,,,7,0.0715746421,0.0051229294,,,0.0715746421
Shanghai Jiao Tong UniversityChina,92.9,90.5,,,2.4,0.0258342304,0.0006674075,,,0.0258342304
"Isfahan University of TechnologyIran, Islamic Republic of",99.5,89.8,,,9.7,0.0974874372,0.0095038004,,,0.0974874372
National Chiao Tung UniversityTaiwan,96.9,89.3,,,7.6,0.0784313725,0.0061514802,,,0.0784313725
Zhejiang UniversityChina,96.2,89.2,,,7,0.0727650728,0.0052947558,,,0.0727650728
Lomonosov Moscow State UniversityRussian Federation,95.7,89.1,,,6.6,0.0689655172,0.0047562426,,,0.0689655172
"Sungkyunkwan University (SKKU)Korea, Republic of",97.5,88.9,,,8.6,0.0882051282,0.0077801446,,,0.0882051282
University of Cape TownSouth Africa,92.7,88.8,,,3.9,0.0420711974,0.0017699857,,,0.0420711974
Massachusetts Institute of TechnologyUnited States,95.4,88.4,,,7,0.0733752621,0.0053839291,,,0.0733752621
"University of California, Santa BarbaraUnited States",90.4,87.6,,,2.8,0.0309734513,0.0009593547,,,0.0309734513
Scuola Superiore Santâ€™AnnaItaly,71.2,86.6,,,-15.4,-0.2162921348,0.0467822876,,,0.2162921348
Northwestern UniversityUnited States,81.2,85.8,,,-4.6,-0.0566502463,0.0032092504,,,0.0566502463
Maastricht UniversityNetherlands,95.4,85.7,,,9.7,0.1016771488,0.0103382426,,,0.1016771488
"Sharif University of TechnologyIran, Islamic Republic of",87.8,85.3,,,2.5,0.0284738041,0.0008107575,,,0.0284738041
"Seoul National UniversityKorea, Republic of",85.4,85.2,,,0.2,0.0023419204,5.48459104146915E-006,,,0.0023419204
University of TwenteNetherlands,91.2,84.6,,,6.6,0.0723684211,0.0052371884,,,0.0723684211
Ghent UniversityBelgium,88.3,84.4,,,3.9,0.0441676104,0.0019507778,,,0.0441676104
Ulm UniversityGermany,58.4,84,,,-25.6,-0.4383561644,0.1921561269,,,0.4383561644
Nagoya UniversityJapan,91.4,83.6,,,7.8,0.0853391685,0.0072827737,,,0.0853391685
University of South AustraliaAustralia,85.9,82.9,,,3,0.0349243306,0.0012197089,,,0.0349243306
KoÃ§ UniversityTurkey,82.4,81.9,,,0.5,0.0060679612,3.68201527005373E-005,,,0.0060679612
"Hanyang UniversityKorea, Republic of",87.9,81.8,,,6.1,0.0693970421,0.0048159495,,,0.0693970421
Dalian University of TechnologyChina,93.3,81.5,,,11.8,0.1264737406,0.0159956071,,,0.1264737406
Indian Institute of Technology MadrasIndia,88.9,81.1,88.9,81.1,7.8,0.0877390326,0.0076981378,,,0.0877390326
Utrecht UniversityNetherlands,89.1,80.7,,,8.4,0.0942760943,0.008887982,,,0.0942760943
King Mongkutâ€™s University of Technology ThonburiThailand,70.3,80.3,,,-10,-0.1422475107,0.0202343543,,,0.1422475107
University of GroningenNetherlands,92.4,79.9,,,12.5,0.1352813853,0.0183010532,,,0.1352813853
"Yonsei UniversityKorea, Republic of",75.9,79.8,,,-3.9,-0.0513833992,0.0026402537,,,0.0513833992
"Kyung Hee UniversityKorea, Republic of",89.4,79.3,,,10.1,0.1129753915,0.0127634391,,,0.1129753915
Rensselaer Polytechnic InstituteUnited States,79.6,79.1,,,0.5,0.006281407,3.9456074341557E-005,,,0.006281407
Beijing Institute of TechnologyChina,87.6,78.4,,,9.2,0.1050228311,0.011029795,,,0.1050228311
National Taiwan Normal UniversityTaiwan,81.9,78.3,,,3.6,0.043956044,0.0019321338,,,0.043956044
Northwestern Polytechnical UniversityChina,28,78.3,,,-50.3,-1.7964285714,3.2271556122,,,1.7964285714
Xidian UniversityChina,83.7,78.2,,,5.5,0.0657108722,0.0043179187,,,0.0657108722
University of Duisburg-EssenGermany,82.3,77.8,,,4.5,0.0546780073,0.0029896845,,,0.0546780073
SabancÄ± UniversityTurkey,70,77.7,,,-7.7,-0.11,0.0121,,,0.11
University of Science and Technology of ChinaChina,80.3,77.6,,,2.7,0.0336239103,0.0011305673,,,0.0336239103
University of MannheimGermany,85.3,76.4,,,8.9,0.1043376319,0.0108863414,,,0.1043376319
Sichuan UniversityChina,90.8,76.3,,,14.5,0.15969163,0.0255014167,,,0.15969163
University of LausanneSwitzerland,56,76.1,,,-20.1,-0.3589285714,0.1288297194,,,0.3589285714
Monash UniversityAustralia,82.5,76,,,6.5,0.0787878788,0.0062075298,,,0.0787878788
University of BernSwitzerland,82.9,75.5,,,7.4,0.0892641737,0.0079680927,,,0.0892641737
Kyoto UniversityJapan,79,75.1,,,3.9,0.0493670886,0.0024371094,,,0.0493670886
Colorado School of MinesUnited States,83.7,74.9,,,8.8,0.1051373955,0.0110538719,,,0.1051373955
Georgetown UniversityUnited States,80.7,74.4,,,6.3,0.0780669145,0.0060944431,,,0.0780669145
National Taipei University of TechnologyTaiwan,81.3,74,,,7.3,0.0897908979,0.0080624053,,,0.0897908979
Osaka UniversityJapan,76.1,73.9,,,2.2,0.0289093298,0.0008357494,,,0.0289093298
Nanjing UniversityChina,58.6,73.9,,,-15.3,-0.2610921502,0.0681691109,,,0.2610921502
Vanderbilt UniversityUnited States,63.2,73.5,,,-10.3,-0.1629746835,0.0265607475,,,0.1629746835
University of KonstanzGermany,92.4,73.1,,,19.3,0.2088744589,0.0436285396,,,0.2088744589
Karolinska InstituteSweden,75.8,72.1,,,3.7,0.0488126649,0.0023826763,,,0.0488126649
Ã‰cole PolytechniqueFrance,82.3,71.9,,,10.4,0.1263669502,0.0159686061,,,0.1263669502
Indian Institute of Technology DelhiIndia,62.8,71.7,62.8,71.7,-8.9,-0.1417197452,0.0200844862,,,0.1417197452
Vienna University of TechnologyAustria,86.5,70.9,,,15.6,0.1803468208,0.0325249758,,,0.1803468208
Kyushu UniversityJapan,83.2,70.8,,,12.4,0.1490384615,0.022212463,,,0.1490384615
Chalmers University of TechnologySweden,79.5,70.8,,,8.7,0.1094339623,0.0119757921,,,0.1094339623
University of QueenslandAustralia,76.7,70.6,,,6.1,0.0795306389,0.0063251225,,,0.0795306389
University of AucklandNew Zealand,78,70.5,,,7.5,0.0961538462,0.0092455621,,,0.0961538462
National Taiwan University of Science and Technology (Taiwan Tech)Taiwan,92.2,70.1,,,22.1,0.2396963124,0.0574543222,,,0.2396963124
University of Southern DenmarkDenmark,28,69.9,,,-41.9,-1.4964285714,2.2392984694,,,1.4964285714
Ã‰cole Polytechnique FÃ©dÃ©rale de LausanneSwitzerland,65.4,69.8,,,-4.4,-0.0672782875,0.004526368,,,0.0672782875
"China Medical University, TaiwanTaiwan",60.4,69.6,,,-9.2,-0.1523178808,0.0232007368,,,0.1523178808
Tohoku UniversityJapan,74.7,69.5,,,5.2,0.0696117805,0.0048458,,,0.0696117805
University of KaiserslauternGermany,80.2,69.2,,,11,0.1371571072,0.0188120721,,,0.1371571072
University of SaskatchewanCanada,62.9,69,,,-6.1,-0.0969793323,0.0094049909,,,0.0969793323
"Ewha Womans UniversityKorea, Republic of",57.6,68.7,,,-11.1,-0.1927083333,0.0371365017,,,0.1927083333
Lund UniversitySweden,70.4,68.5,,,1.9,0.0269886364,0.0007283865,,,0.0269886364
Soochow UniversityChina,75.3,68.1,,,7.2,0.0956175299,0.009142712,,,0.0956175299
Huazhong University of Science and TechnologyChina,71.8,68,,,3.8,0.0529247911,0.0028010335,,,0.0529247911
South China University of TechnologyChina,86.8,67.9,,,18.9,0.2177419355,0.0474115505,,,0.2177419355
Graz University of TechnologyAustria,77.2,67.8,,,9.4,0.121761658,0.0148259014,,,0.121761658
University of MontrealCanada,92.6,67.7,,,24.9,0.2688984881,0.0723063969,,,0.2688984881
University of AdelaideAustralia,79.3,67.5,,,11.8,0.1488020177,0.0221420405,,,0.1488020177
Imperial College LondonUnited Kingdom,53.7,67.5,,,-13.8,-0.2569832402,0.0660403858,,,0.2569832402
"University of California, San DiegoUnited States",56.7,67.3,,,-10.6,-0.1869488536,0.0349498739,,,0.1869488536
University of GenevaSwitzerland,72.4,66.7,,,5.7,0.0787292818,0.0061982998,,,0.0787292818
National Institute of Applied Sciences of Lyon (INSA Lyon)France,40.3,66.7,,,-26.4,-0.6550868486,0.4291387793,,,0.6550868486
University of TulsaUnited States,71.7,66.6,,,5.1,0.0711297071,0.0050594352,,,0.0711297071
City University of Hong KongHong Kong,50.1,66.4,,,-16.3,-0.3253493014,0.1058521679,,,0.3253493014
McMaster UniversityCanada,88,66.1,,,21.9,0.2488636364,0.0619331095,,,0.2488636364
King Abdulaziz UniversitySaudi Arabia,73.1,66,,,7.1,0.097127223,0.0094336974,,,0.097127223
National Central UniversityTaiwan,75.3,65.8,,,9.5,0.1261620186,0.0159168549,,,0.1261620186
Chongqing UniversityChina,73.8,65.4,,,8.4,0.1138211382,0.0129552515,,,0.1138211382
Aarhus UniversityDenmark,68.3,65.4,,,2.9,0.0424597365,0.0018028292,,,0.0424597365
Tampere University of TechnologyFinland,67.5,64.6,,,2.9,0.042962963,0.0018458162,,,0.042962963
Indian Institute of Technology RoorkeeIndia,81.4,64.3,81.4,64.3,17.1,0.2100737101,0.0441309637,,,0.2100737101
University of CologneGermany,68.5,64.3,,,4.2,0.0613138686,0.0037593905,,,0.0613138686
Tokyo Institute of TechnologyJapan,70.9,64.1,,,6.8,0.095909732,0.0091986767,,,0.095909732
University of SydneyAustralia,72.4,63.9,,,8.5,0.1174033149,0.0137835384,,,0.1174033149
"Pusan National UniversityKorea, Republic of",66.8,63.8,,,3,0.0449101796,0.0020169242,,,0.0449101796
ETH Zurich â€“ Swiss Federal Institute of Technology ZurichSwitzerland,80,63.7,,,16.3,0.20375,0.0415140625,,,0.20375
University of MelbourneAustralia,64.6,63.7,,,0.9,0.0139318885,0.0001940975,,,0.0139318885
University of NewcastleAustralia,64.4,63.7,,,0.7,0.0108695652,0.0001181474,,,0.0108695652
"Chung-Ang UniversityKorea, Republic of",61.3,63.6,,,-2.3,-0.0375203915,0.0014077798,,,0.0375203915
Bayreuth UniversityGermany,56.4,63.5,,,-7.1,-0.1258865248,0.0158474171,,,0.1258865248
University of Science and Technology BeijingChina,89.7,63.3,,,26.4,0.2943143813,0.086620955,,,0.2943143813
University of PretoriaSouth Africa,52.4,63.2,,,-10.8,-0.2061068702,0.042480042,,,0.2061068702
University of MÃ¼nsterGermany,58.2,62.6,,,-4.4,-0.0756013746,0.0057155678,,,0.0756013746
University of OxfordUnited Kingdom,73.1,62.5,,,10.6,0.1450068399,0.0210269836,,,0.1450068399
Georgia Institute of TechnologyUnited States,73.7,62.3,,,11.4,0.1546811398,0.023926255,,,0.1546811398
Leibniz University of HanoverGermany,69.6,62,,,7.6,0.1091954023,0.0119236359,,,0.1091954023
Hong Kong University of Science and TechnologyHong Kong,68.1,62,,,6.1,0.0895741557,0.0080235294,,,0.0895741557
Tomsk State UniversityRussian Federation,44,61.8,,,-17.8,-0.4045454545,0.1636570248,,,0.4045454545
Lappeenranta University of TechnologyFinland,80.3,61.5,,,18.8,0.2341220423,0.0548131307,,,0.2341220423
National University of SingaporeSingapore,49.8,61.3,,,-11.5,-0.2309236948,0.0533257528,,,0.2309236948
University of AlbertaCanada,47.4,61.3,,,-13.9,-0.2932489451,0.0859949438,,,0.2932489451
Stanford UniversityUnited States,63.3,60.9,,,2.4,0.0379146919,0.0014375239,,,0.0379146919
East China University of Science and TechnologyChina,64.7,60.7,,,4,0.0618238022,0.0038221825,,,0.0618238022
Technical University of DenmarkDenmark,50,60.6,,,-10.6,-0.212,0.044944,,,0.212
National Autonomous University of MexicoMexico,63.7,60.2,,,3.5,0.0549450549,0.0030189591,,,0.0549450549
Heidelberg UniversityGermany,68.2,60,,,8.2,0.1202346041,0.01445636,,,0.1202346041
"Inha UniversityKorea, Republic of",64.7,59.9,,,4.8,0.0741885626,0.0055039428,,,0.0741885626
"Amirkabir University of TechnologyIran, Islamic Republic of",55.7,59.9,,,-4.2,-0.0754039497,0.0056857556,,,0.0754039497
University of FribourgSwitzerland,60.8,59.7,,,1.1,0.0180921053,0.0003273243,,,0.0180921053
University of PaviaItaly,69.4,59.3,,,10.1,0.1455331412,0.0211798952,,,0.1455331412
Polytechnic University of MilanItaly,66.3,59.3,,,7,0.1055806938,0.0111472829,,,0.1055806938
Bielefeld UniversityGermany,60.9,59.3,,,1.6,0.026272578,0.0006902484,,,0.026272578
Ruhr University BochumGermany,66.6,59.2,,,7.4,0.1111111111,0.012345679,,,0.1111111111
Tomsk Polytechnic UniversityRussian Federation,60.2,59.1,,,1.1,0.0182724252,0.0003338815,,,0.0182724252
Queensland University of TechnologyAustralia,73.7,58.9,,,14.8,0.2008141113,0.0403263073,,,0.2008141113
Middle East Technical UniversityTurkey,60,58.8,,,1.2,0.02,0.0004,,,0.02
Tufts UniversityUnited States,60.7,58.5,,,2.2,0.0362438221,0.0013136146,,,0.0362438221
Tokyo Medical and Dental University (TMDU)Japan,59.5,58.2,,,1.3,0.0218487395,0.0004773674,,,0.0218487395
Tilburg UniversityNetherlands,57.4,58,,,-0.6,-0.0104529617,0.0001092644,,,0.0104529617
Johannes Gutenberg University of MainzGermany,70.7,57.8,,,12.9,0.1824611033,0.0332920542,,,0.1824611033
Erasmus University RotterdamNetherlands,54.6,57.7,,,-3.1,-0.0567765568,0.0032235774,,,0.0567765568
BoÄŸaziÃ§i UniversityTurkey,57.1,57.4,,,-0.3,-0.0052539405,2.76038903082736E-005,,,0.0052539405
Eindhoven University of TechnologyNetherlands,57.3,56.9,,,0.4,0.0069808028,4.8731607625278E-005,,,0.0069808028
Washington State UniversityUnited States,57.1,56.9,,,0.2,0.003502627,1.22683956925666E-005,,,0.003502627
University of TÃ¼bingenGermany,59.2,56.3,,,2.9,0.0489864865,0.0023996759,,,0.0489864865
University of NavarraSpain,63.5,55.6,,,7.9,0.1244094488,0.015477711,,,0.1244094488
Western UniversityCanada,59.7,55.1,,,4.6,0.0770519263,0.0059369993,,,0.0770519263
Hokkaido UniversityJapan,53.7,55,,,-1.3,-0.0242085661,0.0005860547,,,0.0242085661
Xiâ€™an Jiaotong UniversityChina,70.4,54.9,,,15.5,0.2201704545,0.0484750291,,,0.2201704545
"University of UlsanKorea, Republic of",64.7,54.7,,,10,0.1545595054,0.0238886407,,,0.1545595054
Laval UniversityCanada,57.5,54.7,,,2.8,0.0486956522,0.0023712665,,,0.0486956522
University of AmsterdamNetherlands,62.8,54.6,,,8.2,0.1305732484,0.0170493732,,,0.1305732484
University of AntwerpBelgium,60.3,54.6,,,5.7,0.0945273632,0.0089354224,,,0.0945273632
Tokushima UniversityJapan,59.6,54.3,,,5.3,0.0889261745,0.0079078645,,,0.0889261745
Sun Yat-sen UniversityChina,79.4,54.1,,,25.3,0.3186397985,0.1015313212,,,0.3186397985
Federal University of Santa CatarinaBrazil,42.9,54,,,-11.1,-0.2587412587,0.066947039,,,0.2587412587
"Shahid Beheshti UniversityIran, Islamic Republic of",58.9,53.8,,,5.1,0.0865874363,0.0074973841,,,0.0865874363
University of IowaUnited States,54.1,53.8,,,0.3,0.0055452865,3.07502024388336E-005,,,0.0055452865
Victoria University of WellingtonNew Zealand,45.6,53.6,,,-8,-0.1754385965,0.0307787011,,,0.1754385965
Australian National UniversityAustralia,48,53.5,,,-5.5,-0.1145833333,0.0131293403,,,0.1145833333
University of TokyoJapan,50.8,53.4,,,-2.6,-0.0511811024,0.0026195052,,,0.0511811024
University of Hawaiâ€™i at MÄnoaUnited States,44.7,53.2,,,-8.5,-0.1901565996,0.0361595324,,,0.1901565996
Fudan UniversityChina,28,53.2,,,-25.2,-0.9,0.81,,,0.9
Federal University of ViÃ§osaBrazil,59,53.1,,,5.9,0.1,0.01,,,0.1
Tokyo University of Marine Science and TechnologyJapan,57.9,53,,,4.9,0.0846286701,0.0071620118,,,0.0846286701
University of Hong KongHong Kong,53.7,52.9,,,0.8,0.0148975791,0.0002219379,,,0.0148975791
University of IcelandIceland,58.8,52.7,,,6.1,0.1037414966,0.0107622981,,,0.1037414966
Aalto UniversityFinland,61.6,52.5,,,9.1,0.1477272727,0.0218233471,,,0.1477272727
Istanbul UniversityTurkey,100,52.4,,,47.6,0.476,0.226576,,,0.476
University of TampereFinland,40,52.2,,,-12.2,-0.305,0.093025,,,0.305
Memorial University of NewfoundlandCanada,48.3,52.1,,,-3.8,-0.0786749482,0.0061897475,,,0.0786749482
Pennsylvania State UniversityUnited States,56.2,51.9,,,4.3,0.0765124555,0.0058541558,,,0.0765124555
Carnegie Mellon UniversityUnited States,57.5,51.8,,,5.7,0.0991304348,0.0098268431,,,0.0991304348
Chiba UniversityJapan,55.3,51.7,,,3.6,0.0650994575,0.0042379394,,,0.0650994575
Pontifical Catholic University of ValparaÃ­soChile,44.3,51.7,,,-7.4,-0.1670428894,0.0279033269,,,0.1670428894
University of TasmaniaAustralia,42.7,51.7,,,-9,-0.2107728337,0.0444251874,,,0.2107728337
Scuola Normale Superiore di PisaItaly,52,51.6,,,0.4,0.0076923077,5.91715976331357E-005,,,0.0076923077
UniversitÃ© Catholique de LouvainBelgium,51,51.5,,,-0.5,-0.0098039216,9.61168781237985E-005,,,0.0098039216
University of Texas at AustinUnited States,63.1,51.3,,,11.8,0.1870047544,0.0349707782,,,0.1870047544
National Taiwan Ocean UniversityTaiwan,49.3,51.3,,,-2,-0.0405679513,0.0016457587,,,0.0405679513
KTH Royal Institute of TechnologySweden,78.1,51.1,,,27,0.3457106274,0.1195158379,,,0.3457106274
Mahidol UniversityThailand,71.6,50.8,,,20.8,0.2905027933,0.0843918729,,,0.2905027933
"Iran University of Science and TechnologyIran, Islamic Republic of",61.2,50.7,,,10.5,0.1715686275,0.0294357939,,,0.1715686275
Ohio State UniversityUnited States,53.1,50.6,,,2.5,0.0470809793,0.0022166186,,,0.0470809793
University College CorkIreland,47.1,50.6,,,-3.5,-0.0743099788,0.0055219729,,,0.0743099788
University of Alaska FairbanksUnited States,51.2,50.5,,,0.7,0.013671875,0.0001869202,,,0.013671875
Kyushu Institute of TechnologyJapan,44.1,50.5,,,-6.4,-0.1451247166,0.0210611834,,,0.1451247166
University of CambridgeUnited Kingdom,55,50.4,,,4.6,0.0836363636,0.0069950413,,,0.0836363636
VU University AmsterdamNetherlands,60.1,50.3,,,9.8,0.1630615641,0.0265890737,,,0.1630615641
University of Illinois at Urbana-ChampaignUnited States,52.8,50.3,,,2.5,0.0473484848,0.002241879,,,0.0473484848
University of MinhoPortugal,51.6,50.3,,,1.3,0.0251937984,0.0006347275,,,0.0251937984
National University of Science and Technology (MISiS)Russian Federation,67.2,50.2,,,17,0.2529761905,0.0639969529,,,0.2529761905
China University of Geosciences (Wuhan)China,64.5,50.2,,,14.3,0.2217054264,0.0491532961,,,0.2217054264
University of MassachusettsUnited States,52.2,50.2,,,2,0.0383141762,0.0014679761,,,0.0383141762
Chulalongkorn UniversityThailand,37.8,50.2,,,-12.4,-0.328042328,0.107611769,,,0.328042328
"University of California, DavisUnited States",57.3,50,,,7.3,0.127399651,0.0162306711,,,0.127399651
Princeton UniversityUnited States,52.1,49.9,,,2.2,0.0422264875,0.0017830762,,,0.0422264875
University of PennsylvaniaUnited States,47.9,49.9,,,-2,-0.0417536534,0.0017433676,,,0.0417536534
University of WashingtonUnited States,43.1,49.8,,,-6.7,-0.1554524362,0.0241654599,,,0.1554524362
University of New South WalesAustralia,50,49.7,,,0.3,0.006,0.000036,,,0.006
University of HohenheimGermany,52.8,49.6,,,3.2,0.0606060606,0.0036730946,,,0.0606060606
Indian Institute of Technology KharagpurIndia,31.7,49.5,31.7,49.5,-17.8,-0.5615141956,0.3152981918,,,0.5615141956
Polytechnic University of TurinItaly,42.5,49.4,,,-6.9,-0.1623529412,0.0263584775,,,0.1623529412
University of the AndesColombia,28,49.4,,,-21.4,-0.7642857143,0.5841326531,,,0.7642857143
University of WollongongAustralia,57.9,49.2,,,8.7,0.1502590674,0.0225777873,,,0.1502590674
Rio de Janeiro State University (UERJ)Brazil,30.8,49.2,,,-18.4,-0.5974025974,0.3568898634,,,0.5974025974
Juntendo UniversityJapan,51.1,49.1,,,2,0.0391389432,0.0015318569,,,0.0391389432
University of Western AustraliaAustralia,64.5,48.8,,,15.7,0.2434108527,0.0592488432,,,0.2434108527
University of CalgaryCanada,52,48.8,,,3.2,0.0615384615,0.0037869822,,,0.0615384615
University of TorontoCanada,49.1,48.8,,,0.3,0.0061099796,3.73318511205788E-005,,,0.0061099796
Peter the Great St Petersburg Polytechnic UniversityRussian Federation,42.5,48.8,,,-6.3,-0.1482352941,0.0219737024,,,0.1482352941
Technical University of DortmundGermany,48.6,48.7,,,-0.1,-0.0020576132,4.23377195210769E-006,,,0.0020576132
"Chungnam National UniversityKorea, Republic of",39.9,48.5,,,-8.6,-0.2155388471,0.0464569946,,,0.2155388471
"Sogang UniversityKorea, Republic of",46.8,48.4,,,-1.6,-0.0341880342,0.0011688217,,,0.0341880342
"Ajou UniversityKorea, Republic of",45.7,48.4,,,-2.7,-0.0590809628,0.0034905602,,,0.0590809628
Vrije Universiteit BrusselBelgium,77.1,48.3,,,28.8,0.373540856,0.1395327711,,,0.373540856
University of WÃ¼rzburgGermany,47.9,48.1,,,-0.2,-0.0041753653,1.74336757597819E-005,,,0.0041753653
Indian Institute of ScienceIndia,52.4,48,52.4,48,4.4,0.0839694656,0.0070508712,,,0.0839694656
Hong Kong Polytechnic UniversityHong Kong,45.1,47.9,,,-2.8,-0.0620842572,0.003854455,,,0.0620842572
I-Shou UniversityTaiwan,41,47.9,,,-6.9,-0.1682926829,0.0283224271,,,0.1682926829
University of UtahUnited States,57.4,47.8,,,9.6,0.1672473868,0.0279716884,,,0.1672473868
China Agricultural UniversityChina,52.3,47.8,,,4.5,0.086042065,0.007403237,,,0.086042065
National Taiwan UniversityTaiwan,49.6,47.8,,,1.8,0.0362903226,0.0013169875,,,0.0362903226
Toyohashi University of TechnologyJapan,50.3,47.7,,,2.6,0.0516898608,0.0026718417,,,0.0516898608
Dalhousie UniversityCanada,50.3,47.6,,,2.7,0.0536779324,0.0028813204,,,0.0536779324
New Jersey Institute of TechnologyUnited States,32.2,47.6,,,-15.4,-0.4782608696,0.2287334594,,,0.4782608696
Iowa State UniversityUnited States,54,47.5,,,6.5,0.1203703704,0.0144890261,,,0.1203703704
Simon Fraser UniversityCanada,42.3,47.5,,,-5.2,-0.1229314421,0.0151121395,,,0.1229314421
University of Wisconsin-MadisonUnited States,48.5,47.4,,,1.1,0.0226804124,0.0005144011,,,0.0226804124
Leiden UniversityNetherlands,49.8,47.3,,,2.5,0.0502008032,0.0025201206,,,0.0502008032
National Tsing Hua UniversityTaiwan,49.5,47.3,,,2.2,0.0444444444,0.0019753086,,,0.0444444444
Harvard UniversityUnited States,45.2,47.3,,,-2.1,-0.046460177,0.002158548,,,0.046460177
"University of California, Los AngelesUnited States",47.9,47.1,,,0.8,0.0167014614,0.0002789388,,,0.0167014614
University of BremenGermany,46,47,,,-1,-0.0217391304,0.0004725898,,,0.0217391304
University of GuelphCanada,47.4,46.9,,,0.5,0.0105485232,0.0001112713,,,0.0105485232
Texas A&M UniversityUnited States,46.4,46.9,,,-0.5,-0.0107758621,0.0001161192,,,0.0107758621
Indian Institute of Technology BombayIndia,42.3,46.9,42.3,46.9,-4.6,-0.1087470449,0.0118259198,,,0.1087470449
Dublin City UniversityIreland,51.7,46.7,,,5,0.0967117988,0.009353172,,,0.0967117988
Ocean University of ChinaChina,50.1,46.6,,,3.5,0.0698602794,0.0048804586,,,0.0698602794
University of StrathclydeUnited Kingdom,44.1,46.6,,,-2.5,-0.0566893424,0.0032136815,,,0.0566893424
Norwegian University of Science and TechnologyNorway,51.8,46.5,,,5.3,0.1023166023,0.0104686871,,,0.1023166023
State University of CampinasBrazil,49.4,46.5,,,2.9,0.0587044534,0.0034462129,,,0.0587044534
University of MacauMacao,34.9,46.3,,,-11.4,-0.3266475645,0.1066986314,,,0.3266475645
Pontifical Catholic University of Rio Grande do Sul (PUCRS)Brazil,52.3,46.2,,,6.1,0.1166347992,0.0136036764,,,0.1166347992
Fu Jen Catholic UniversityTaiwan,47,45.9,,,1.1,0.0234042553,0.0005477592,,,0.0234042553
Budapest University of Technology and EconomicsHungary,39.7,45.8,,,-6.1,-0.1536523929,0.0236090579,,,0.1536523929
Yuan Ze UniversityTaiwan,39.8,45.7,,,-5.9,-0.148241206,0.0219754552,,,0.148241206
Khon Kaen UniversityThailand,35.7,45.6,,,-9.9,-0.2773109244,0.0769013488,,,0.2773109244
"University of California, IrvineUnited States",48.9,45.5,,,3.4,0.0695296524,0.0048343726,,,0.0695296524
La Trobe UniversityAustralia,43.7,45.5,,,-1.8,-0.0411899314,0.0016966104,,,0.0411899314
University of TurinItaly,54.2,45.4,,,8.8,0.1623616236,0.0263612968,,,0.1623616236
Missouri University of Science and TechnologyUnited States,52.8,45.4,,,7.4,0.1401515152,0.0196424472,,,0.1401515152
Hiroshima UniversityJapan,42.2,45.4,,,-3.2,-0.0758293839,0.0057500955,,,0.0758293839
Yokohama National UniversityJapan,40.4,45.4,,,-5,-0.1237623762,0.0153171258,,,0.1237623762
Tel Aviv UniversityIsrael,42.9,45.3,,,-2.4,-0.0559440559,0.0031297374,,,0.0559440559
Hunan UniversityChina,46.7,45.2,,,1.5,0.0321199143,0.0010316889,,,0.0321199143
University of GenoaItaly,42.3,45.2,,,-2.9,-0.0685579196,0.0047001883,,,0.0685579196
Radboud University NijmegenNetherlands,39.2,45.2,,,-6,-0.1530612245,0.0234277384,,,0.1530612245
University of ManchesterUnited Kingdom,42,45.1,,,-3.1,-0.0738095238,0.0054478458,,,0.0738095238
East China Normal UniversityChina,42,45.1,,,-3.1,-0.0738095238,0.0054478458,,,0.0738095238
"Asia University, TaiwanTaiwan",38.4,45.1,,,-6.7,-0.1744791667,0.0304429796,,,0.1744791667
"Gwangju Institute of Science and TechnologyKorea, Republic of",45.2,44.9,,,0.3,0.0066371681,0.000044052,,,0.0066371681
Oregon Health and Science UniversityUnited States,44.6,44.9,,,-0.3,-0.0067264574,4.52452291419485E-005,,,0.0067264574
Aalborg UniversityDenmark,43.7,44.8,,,-1.1,-0.0251716247,0.0006336107,,,0.0251716247
Tallinn University of TechnologyEstonia,44.8,44.7,,,0.1,0.0022321429,4.98246173469331E-006,,,0.0022321429
YÄ±ldÄ±z Technical UniversityTurkey,44,44.7,,,-0.7,-0.0159090909,0.0002530992,,,0.0159090909
University of SheffieldUnited Kingdom,43.4,44.7,,,-1.3,-0.0299539171,0.0008972371,,,0.0299539171
Chinese University of Hong KongHong Kong,37.5,44.7,,,-7.2,-0.192,0.036864,,,0.192
Tokyo University of Agriculture and TechnologyJapan,39.9,44.6,,,-4.7,-0.1177944862,0.013875541,,,0.1177944862
Shanghai UniversityChina,45.7,44.5,,,1.2,0.0262582057,0.0006894934,,,0.0262582057
National Sun Yat-Sen UniversityTaiwan,44.3,44.5,,,-0.2,-0.0045146727,2.0382269463794E-005,,,0.0045146727
Yale UniversityUnited States,43.3,44.5,,,-1.2,-0.0277136259,0.0007680451,,,0.0277136259
University of AberdeenUnited Kingdom,43.1,44.5,,,-1.4,-0.0324825986,0.0010551192,,,0.0324825986
UniversitÃ© Libre de BruxellesBelgium,39.1,44.5,,,-5.4,-0.1381074169,0.0190736586,,,0.1381074169
Kansas State UniversityUnited States,43.1,44.4,,,-1.3,-0.030162413,0.0009097712,,,0.030162413
Amrita UniversityIndia,28,44.4,28,44.4,-16.4,-0.5857142857,0.3430612245,,,0.5857142857
Polytechnic University of ValenciaSpain,43.8,44.3,,,-0.5,-0.0114155251,0.0001303142,,,0.0114155251
Charles Darwin UniversityAustralia,43.2,44.3,,,-1.1,-0.025462963,0.0006483625,,,0.025462963
University of ToledoUnited States,32.9,44.3,,,-11.4,-0.3465045593,0.1200654096,,,0.3465045593
University of CopenhagenDenmark,45,44.2,,,0.8,0.0177777778,0.0003160494,,,0.0177777778
University of ZurichSwitzerland,44,44.2,,,-0.2,-0.0045454545,2.0661157024794E-005,,,0.0045454545
University of Technology SydneyAustralia,43.4,44.2,,,-0.8,-0.0184331797,0.0003397821,,,0.0184331797
Virginia Polytechnic Institute and State UniversityUnited States,43.3,44.1,,,-0.8,-0.0184757506,0.0003413534,,,0.0184757506
Bauman Moscow State Technical UniversityRussian Federation,68.1,44,,,24.1,0.3538913363,0.1252390779,,,0.3538913363
Okayama UniversityJapan,48,44,,,4,0.0833333333,0.0069444444,,,0.0833333333
Rush UniversityUnited States,45.4,44,,,1.4,0.0308370044,0.0009509208,,,0.0308370044
University of IndonesiaIndonesia,40,44,,,-4,-0.1,0.01,,,0.1
University of MichiganUnited States,56.3,43.9,,,12.4,0.2202486679,0.0485094757,,,0.2202486679
University of Milan-BicoccaItaly,46.6,43.9,,,2.7,0.0579399142,0.0033570337,,,0.0579399142
University of DundeeUnited Kingdom,49.5,43.8,,,5.7,0.1151515152,0.0132598714,,,0.1151515152
Boston CollegeUnited States,46.8,43.8,,,3,0.0641025641,0.0041091387,,,0.0641025641
Austral University of ChileChile,41.1,43.8,,,-2.7,-0.0656934307,0.0043156268,,,0.0656934307
University of PatrasGreece,48.3,43.6,,,4.7,0.0973084886,0.009468942,,,0.0973084886
Colorado State UniversityUnited States,41,43.6,,,-2.6,-0.0634146341,0.0040214158,,,0.0634146341
Kumamoto UniversityJapan,43.1,43.4,,,-0.3,-0.0069605568,4.8449351586177E-005,,,0.0069605568
Rice UniversityUnited States,41.7,43.4,,,-1.7,-0.0407673861,0.0016619798,,,0.0407673861
University of AntioquiaColombia,43.6,43.3,,,0.3,0.0068807339,4.73444996212453E-005,,,0.0068807339
Montana State UniversityUnited States,43,43.3,,,-0.3,-0.0069767442,0.000048675,,,0.0069767442
University of Texas at DallasUnited States,41.8,43.3,,,-1.5,-0.0358851675,0.0012877452,,,0.0358851675
Emory UniversityUnited States,48.9,43.2,,,5.7,0.1165644172,0.0135872634,,,0.1165644172
Renmin University of ChinaChina,42.5,43.2,,,-0.7,-0.0164705882,0.0002712803,,,0.0164705882
Chung Yuan Christian UniversityTaiwan,41.9,43.2,,,-1.3,-0.031026253,0.0009626284,,,0.031026253
James Cook UniversityAustralia,40.7,43.2,,,-2.5,-0.0614250614,0.0037730382,,,0.0614250614
University of InnsbruckAustria,39.9,43.1,,,-3.2,-0.0802005013,0.0064321204,,,0.0802005013
"K.N. Toosi University of TechnologyIran, Islamic Republic of",45.5,43,,,2.5,0.0549450549,0.0030189591,,,0.0549450549
University of MilanItaly,40.9,42.9,,,-2,-0.0488997555,0.0023911861,,,0.0488997555
University of OsloNorway,38.3,42.9,,,-4.6,-0.1201044386,0.0144250762,,,0.1201044386
Ben-Gurion University of the NegevIsrael,37,42.9,,,-5.9,-0.1594594595,0.0254273192,,,0.1594594595
Heriot-Watt UniversityUnited Kingdom,45.6,42.8,,,2.8,0.0614035088,0.0037703909,,,0.0614035088
University at BuffaloUnited States,43.8,42.8,,,1,0.0228310502,0.0005212569,,,0.0228310502
University of St GallenSwitzerland,41.8,42.8,,,-1,-0.023923445,0.0005723312,,,0.023923445
Murdoch UniversityAustralia,36.5,42.8,,,-6.3,-0.1726027397,0.0297917058,,,0.1726027397
Kazan Federal UniversityRussian Federation,42.4,42.5,,,-0.1,-0.0023584906,5.56247775008916E-006,,,0.0023584906
Kingâ€™s College LondonUnited Kingdom,40.1,42.5,,,-2.4,-0.0598503741,0.0035820673,,,0.0598503741
University of TsukubaJapan,42.9,42.4,,,0.5,0.0116550117,0.0001358393,,,0.0116550117
Nova University of LisbonPortugal,41.3,42.3,,,-1,-0.0242130751,0.000586273,,,0.0242130751
University of AlcalÃ¡Spain,43.3,42.2,,,1.1,0.025404157,0.0006453712,,,0.025404157
Jilin UniversityChina,42.1,42.2,,,-0.1,-0.0023752969,0.000005642,,,0.0023752969
Wayne State UniversityUnited States,41.7,42.2,,,-0.5,-0.0119904077,0.0001437699,,,0.0119904077
National Chung Hsing UniversityTaiwan,42.5,42.1,,,0.4,0.0094117647,8.85813148788921E-005,,,0.0094117647
"University of Tennessee, KnoxvilleUnited States",41.3,42.1,,,-0.8,-0.01937046,0.0003752147,,,0.01937046
Verona UniversityItaly,36.6,42.1,,,-5.5,-0.150273224,0.0225820419,,,0.150273224
North Carolina State UniversityUnited States,40.7,42,,,-1.3,-0.0319410319,0.0010202295,,,0.0319410319
University College LondonUnited Kingdom,40.5,41.9,,,-1.4,-0.0345679012,0.0011949398,,,0.0345679012
McGill UniversityCanada,40.3,41.9,,,-1.6,-0.0397022333,0.0015762673,,,0.0397022333
University of VirginiaUnited States,37.9,41.9,,,-4,-0.1055408971,0.011138881,,,0.1055408971
University of CincinnatiUnited States,35.3,41.9,,,-6.6,-0.1869688385,0.0349573466,,,0.1869688385
Royal Veterinary CollegeUnited Kingdom,45.5,41.8,,,3.7,0.0813186813,0.0066127279,,,0.0813186813
Queenâ€™s UniversityCanada,54.2,41.7,,,12.5,0.2306273063,0.0531889544,,,0.2306273063
Federal University of Rio de JaneiroBrazil,42.9,41.7,,,1.2,0.027972028,0.0007824343,,,0.027972028
LinkÃ¶ping UniversitySweden,42.1,41.7,,,0.4,0.0095011876,9.02725667311733E-005,,,0.0095011876
University of Illinois at ChicagoUnited States,38,41.6,,,-3.6,-0.0947368421,0.0089750693,,,0.0947368421
University of Rennes 1France,31.7,41.6,,,-9.9,-0.3123028391,0.0975330633,,,0.3123028391
Justus Liebig University GiessenGermany,46.4,41.5,,,4.9,0.1056034483,0.0111520883,,,0.1056034483
Kobe UniversityJapan,45.1,41.5,,,3.6,0.0798226164,0.0063716501,,,0.0798226164
University of OttawaCanada,41.5,41.5,,,0,0,0,,,0
Polytechnic University of CataloniaSpain,40.9,41.5,,,-0.6,-0.0146699267,0.0002152067,,,0.0146699267
University of AveiroPortugal,40.1,41.5,,,-1.4,-0.0349127182,0.0012188979,,,0.0349127182
"National University of Ireland, GalwayIreland",41.9,41.4,,,0.5,0.0119331742,0.0001424006,,,0.0119331742
University of TrentoItaly,47.1,41.3,,,5.8,0.1231422505,0.0151640139,,,0.1231422505
Wake Forest UniversityUnited States,42.5,41.3,,,1.2,0.0282352941,0.0007972318,,,0.0282352941
Griffith UniversityAustralia,34.6,41.3,,,-6.7,-0.1936416185,0.0374970764,,,0.1936416185
Macquarie UniversityAustralia,33.1,41.3,,,-8.2,-0.247734139,0.0613722036,,,0.247734139
Johannes Kepler University of LinzAustria,37.4,41.2,,,-3.8,-0.1016042781,0.0103234293,,,0.1016042781
University of British ColumbiaCanada,42.6,41.1,,,1.5,0.0352112676,0.0012398334,,,0.0352112676
Otto von Guericke University of MagdeburgGermany,37.7,41.1,,,-3.4,-0.0901856764,0.0081334562,,,0.0901856764
University of WaterlooCanada,39.5,41,,,-1.5,-0.0379746835,0.0014420766,,,0.0379746835
University of North Carolina at Chapel HillUnited States,39.4,41,,,-1.6,-0.0406091371,0.001649102,,,0.0406091371
Federico Santa MarÃ­a Technical UniversityChile,35.1,41,,,-5.9,-0.1680911681,0.0282546408,,,0.1680911681
Sapienza University of RomeItaly,32.6,41,,,-8.4,-0.2576687117,0.066393165,,,0.2576687117
Keio UniversityJapan,41.4,40.9,,,0.5,0.0120772947,0.000145861,,,0.0120772947
University of BristolUnited Kingdom,40,40.9,,,-0.9,-0.0225,0.00050625,,,0.0225
Sultan Qaboos UniversityOman,37.6,40.9,,,-3.3,-0.0877659574,0.0077028633,,,0.0877659574
"University of California, Santa CruzUnited States",36.1,40.9,,,-4.8,-0.1329639889,0.0176794223,,,0.1329639889
University of WarwickUnited Kingdom,37.7,40.8,,,-3.1,-0.0822281167,0.0067614632,,,0.0822281167
University of Texas at ArlingtonUnited States,33.4,40.7,,,-7.3,-0.2185628743,0.04776973,,,0.2185628743
University of HoustonUnited States,42.3,40.6,,,1.7,0.0401891253,0.0016151658,,,0.0401891253
University of ManitobaCanada,41.8,40.6,,,1.2,0.028708134,0.000824157,,,0.028708134
University of LuxembourgLuxembourg,38.1,40.6,,,-2.5,-0.0656167979,0.0043055642,,,0.0656167979
University of CanterburyNew Zealand,52.1,40.5,,,11.6,0.2226487524,0.0495724669,,,0.2226487524
"University of California, RiversideUnited States",42.5,40.5,,,2,0.0470588235,0.0022145329,,,0.0470588235
Pompeu Fabra UniversitySpain,37.2,40.5,,,-3.3,-0.0887096774,0.0078694069,,,0.0887096774
University of Bari Aldo MoroItaly,45.4,40.4,,,5,0.1101321586,0.0121290924,,,0.1101321586
Uppsala UniversitySweden,39.5,40.4,,,-0.9,-0.0227848101,0.0005191476,,,0.0227848101
University of IbadanNigeria,29.2,40.4,,,-11.2,-0.3835616438,0.1471195346,,,0.3835616438
Catholic University of the Sacred HeartItaly,38.7,40.3,,,-1.6,-0.0413436693,0.001709299,,,0.0413436693
University of FerraraItaly,35.9,40.3,,,-4.4,-0.1225626741,0.0150216091,,,0.1225626741
Vilnius UniversityLithuania,41,40.2,,,0.8,0.0195121951,0.0003807258,,,0.0195121951
Osaka City UniversityJapan,40.7,40.2,,,0.5,0.0122850123,0.0001509215,,,0.0122850123
University of Naples Federico IIItaly,47.4,40.1,,,7.3,0.1540084388,0.0237185992,,,0.1540084388
Southern Federal UniversityRussian Federation,39.5,40,,,-0.5,-0.0126582278,0.0001602307,,,0.0126582278
Auburn UniversityUnited States,37.2,40,,,-2.8,-0.0752688172,0.0056653948,,,0.0752688172
Ã‰cole Normale SupÃ©rieureFrance,37.1,40,,,-2.9,-0.0781671159,0.006110098,,,0.0781671159
RMIT UniversityAustralia,37,40,,,-3,-0.0810810811,0.0065741417,,,0.0810810811
Queen Mary University of LondonUnited Kingdom,36.8,40,,,-3.2,-0.0869565217,0.0075614367,,,0.0869565217
Dartmouth CollegeUnited States,40.8,39.9,,,0.9,0.0220588235,0.0004865917,,,0.0220588235
University of PortoPortugal,38.7,39.9,,,-1.2,-0.0310077519,0.0009614807,,,0.0310077519
Autonomous University of BarcelonaSpain,34.9,39.9,,,-5,-0.1432664756,0.020525283,,,0.1432664756
University of OuluFinland,30.9,39.9,,,-9,-0.2912621359,0.0848336318,,,0.2912621359
University of GothenburgSweden,30.3,39.9,,,-9.6,-0.3168316832,0.1003823155,,,0.3168316832
Osaka Prefecture UniversityJapan,41.5,39.8,,,1.7,0.0409638554,0.0016780375,,,0.0409638554
University of NottinghamUnited Kingdom,39.8,39.8,,,0,0,0,,,0
National Chung Cheng UniversityTaiwan,40.8,39.7,,,1.1,0.0269607843,0.0007268839,,,0.0269607843
Bilkent UniversityTurkey,36.4,39.7,,,-3.3,-0.0906593407,0.008219116,,,0.0906593407
University of SÃ£o PauloBrazil,40.3,39.6,,,0.7,0.017369727,0.0003017074,,,0.017369727
University of PittsburghUnited States,39.3,39.6,,,-0.3,-0.0076335878,5.82716624905325E-005,,,0.0076335878
University of MariborSlovenia,38.7,39.6,,,-0.9,-0.023255814,0.0005408329,,,0.023255814
"Kyungpook National UniversityKorea, Republic of",34.9,39.6,,,-4.7,-0.1346704871,0.0181361401,,,0.1346704871
University of KwaZulu-NatalSouth Africa,38.2,39.5,,,-1.3,-0.0340314136,0.0011581371,,,0.0340314136
Curtin UniversityAustralia,37.8,39.5,,,-1.7,-0.044973545,0.0020226197,,,0.044973545
University of Southern CaliforniaUnited States,38,39.4,,,-1.4,-0.0368421053,0.0013573407,,,0.0368421053
Yokohama City UniversityJapan,37.9,39.4,,,-1.5,-0.0395778364,0.0015664051,,,0.0395778364
Humboldt University of BerlinGermany,36.1,39.4,,,-3.3,-0.0914127424,0.0083562895,,,0.0914127424
Copenhagen Business SchoolDenmark,35.3,39.4,,,-4.1,-0.1161473088,0.0134901973,,,0.1161473088
University of GlasgowUnited Kingdom,31.6,39.4,,,-7.8,-0.246835443,0.0609277359,,,0.246835443
Anadolu UniversityTurkey,100,39.3,,,60.7,0.607,0.368449,,,0.607
University of SouthamptonUnited Kingdom,37.5,39.2,,,-1.7,-0.0453333333,0.0020551111,,,0.0453333333
Technical University of MadridSpain,38.3,39.1,,,-0.8,-0.0208877285,0.0004362972,,,0.0208877285
University of ArkansasUnited States,36.9,39.1,,,-2.2,-0.0596205962,0.0035546155,,,0.0596205962
Massey UniversityNew Zealand,35.8,39.1,,,-3.3,-0.0921787709,0.0084969258,,,0.0921787709
Jadavpur UniversityIndia,33.8,39.1,33.8,39.1,-5.3,-0.1568047337,0.0245877245,,,0.1568047337
"University of Chemistry and Technology, PragueCzech Republic",38.9,39,,,-0.1,-0.0025706941,6.60846809101201E-006,,,0.0025706941
University of LeedsUnited Kingdom,36.7,39,,,-2.3,-0.0626702997,0.0039275665,,,0.0626702997
University of RochesterUnited States,37,38.9,,,-1.9,-0.0513513514,0.0026369613,,,0.0513513514
"Yeungnam UniversityKorea, Republic of",35.4,38.9,,,-3.5,-0.0988700565,0.0097752881,,,0.0988700565
Free University of BerlinGermany,35.1,38.9,,,-3.8,-0.1082621083,0.0117206841,,,0.1082621083
University of Rome II â€“ Tor VergataItaly,34.7,38.9,,,-4.2,-0.121037464,0.0146500677,,,0.121037464
Clemson UniversityUnited States,35.8,38.8,,,-3,-0.0837988827,0.0070222527,,,0.0837988827
Brno University of TechnologyCzech Republic,33.7,38.8,,,-5.1,-0.1513353116,0.0229023765,,,0.1513353116
Technion Israel Institute of TechnologyIsrael,38.9,38.7,,,0.2,0.0051413882,2.64338723640462E-005,,,0.0051413882
Newcastle UniversityUnited Kingdom,34.7,38.7,,,-4,-0.1152737752,0.0132880433,,,0.1152737752
Southern Cross UniversityAustralia,37.7,38.6,,,-0.9,-0.023872679,0.0005699048,,,0.023872679
University of ZaragozaSpain,36.7,38.6,,,-1.9,-0.0517711172,0.0026802486,,,0.0517711172
Paris Descartes UniversityFrance,29,38.6,,,-9.6,-0.3310344828,0.1095838288,,,0.3310344828
University of Nebraska-LincolnUnited States,35.6,38.5,,,-2.9,-0.0814606742,0.0066358414,,,0.0814606742
"University of Maryland, College ParkUnited States",32.3,38.5,,,-6.2,-0.1919504644,0.0368449808,,,0.1919504644
Michigan State UniversityUnited States,32.2,38.5,,,-6.3,-0.1956521739,0.0382797732,,,0.1956521739
Czech Technical University in PragueCzech Republic,28.2,38.5,,,-10.3,-0.365248227,0.1334062673,,,0.365248227
University of Southern MississippiUnited States,39.9,38.3,,,1.6,0.0401002506,0.0016080301,,,0.0401002506
Goethe University FrankfurtGermany,38.1,38.2,,,-0.1,-0.0026246719,6.88890266669442E-006,,,0.0026246719
Pierre and Marie Curie UniversityFrance,37.4,38.2,,,-0.8,-0.0213903743,0.0004575481,,,0.0213903743
University of BresciaItaly,35.8,38.2,,,-2.4,-0.0670391061,0.0044942418,,,0.0670391061
University of CoimbraPortugal,34.8,38.2,,,-3.4,-0.0977011494,0.0095455146,,,0.0977011494
University of PÃ©csHungary,28.4,38.2,,,-9.8,-0.3450704225,0.1190735965,,,0.3450704225
University of FlorenceItaly,35.9,38.1,,,-2.2,-0.061281337,0.0037554023,,,0.061281337
Ural Federal UniversityRussian Federation,35.6,38.1,,,-2.5,-0.0702247191,0.0049315112,,,0.0702247191
University of MiamiUnited States,35.5,38.1,,,-2.6,-0.0732394366,0.0053640151,,,0.0732394366
Lehigh UniversityUnited States,38.9,38,,,0.9,0.0231362468,0.0005352859,,,0.0231362468
University of Colorado BoulderUnited States,35.7,38,,,-2.3,-0.0644257703,0.0041506799,,,0.0644257703
University of BirminghamUnited Kingdom,34.7,38,,,-3.3,-0.0951008646,0.0090441744,,,0.0951008646
Feng Chia UniversityTaiwan,33.9,38,,,-4.1,-0.1209439528,0.0146274397,,,0.1209439528
Athens University of Economics and BusinessGreece,66.5,37.9,,,28.6,0.430075188,0.1849646673,,,0.430075188
University of SevilleSpain,36.7,37.9,,,-1.2,-0.0326975477,0.0010691296,,,0.0326975477
University of VictoriaCanada,36.6,37.9,,,-1.3,-0.0355191257,0.0012616083,,,0.0355191257
Drexel UniversityUnited States,36.3,37.9,,,-1.6,-0.044077135,0.0019427938,,,0.044077135
Universiti Sains MalaysiaMalaysia,34.4,37.9,,,-3.5,-0.101744186,0.0103518794,,,0.101744186
VÅ B - Technical University of OstravaCzech Republic,32.1,37.9,,,-5.8,-0.1806853583,0.0326471987,,,0.1806853583
Tokyo University of ScienceJapan,37.6,37.8,,,-0.2,-0.0053191489,2.82933454051595E-005,,,0.0053191489
American UniversityUnited States,35.9,37.8,,,-1.9,-0.0529247911,0.0028010335,,,0.0529247911
University of LisbonPortugal,35.4,37.8,,,-2.4,-0.0677966102,0.0045963804,,,0.0677966102
University of CreteGreece,34.5,37.8,,,-3.3,-0.0956521739,0.0091493384,,,0.0956521739
University of ChicagoUnited States,36.6,37.7,,,-1.1,-0.0300546448,0.0009032817,,,0.0300546448
University of GreifswaldGermany,32.6,37.7,,,-5.1,-0.1564417178,0.0244740111,,,0.1564417178
"University of California, BerkeleyUnited States",47.9,37.6,,,10.3,0.2150313152,0.0462384665,,,0.2150313152
University of Rome IIIItaly,37.5,37.6,,,-0.1,-0.0026666667,7.11111111111132E-006,,,0.0026666667
GdaÅ„sk University of TechnologyPoland,36.8,37.6,,,-0.8,-0.0217391304,0.0004725898,,,0.0217391304
University of SalentoItaly,36.2,37.6,,,-1.4,-0.0386740331,0.0014956808,,,0.0386740331
University of SurreyUnited Kingdom,34.9,37.6,,,-2.7,-0.0773638968,0.0059851725,,,0.0773638968
Claude Bernard University Lyon 1France,34.5,37.6,,,-3.1,-0.0898550725,0.008073934,,,0.0898550725
Ehime UniversityJapan,37.8,37.5,,,0.3,0.0079365079,6.29881582262523E-005,,,0.0079365079
"National University of Ireland, MaynoothIreland",36.6,37.5,,,-0.9,-0.0245901639,0.0006046762,,,0.0245901639
Marche Polytechnic UniversityItaly,28,37.5,,,-9.5,-0.3392857143,0.1151147959,,,0.3392857143
Temple UniversityUnited States,41.6,37.4,,,4.2,0.1009615385,0.0101932322,,,0.1009615385
University of LiverpoolUnited Kingdom,36.6,37.4,,,-0.8,-0.0218579235,0.0004777688,,,0.0218579235
University of BolognaItaly,34.5,37.4,,,-2.9,-0.084057971,0.0070657425,,,0.084057971
Durham UniversityUnited Kingdom,34.4,37.4,,,-3,-0.0872093023,0.0076054624,,,0.0872093023
University of Notre DameUnited States,33.7,37.4,,,-3.7,-0.1097922849,0.0120543458,,,0.1097922849
University College DublinIreland,33.5,37.4,,,-3.9,-0.1164179104,0.0135531299,,,0.1164179104
York UniversityCanada,33.2,37.4,,,-4.2,-0.1265060241,0.0160037741,,,0.1265060241
Aristotle University of ThessalonikiGreece,33.6,37.3,,,-3.7,-0.1101190476,0.0121262046,,,0.1101190476
Shinshu UniversityJapan,31.6,37.3,,,-5.7,-0.1803797468,0.0325368531,,,0.1803797468
University of ParmaItaly,37.1,37.2,,,-0.1,-0.0026954178,7.26527706134094E-006,,,0.0026954178
University of BathUnited Kingdom,36.3,37.2,,,-0.9,-0.0247933884,0.0006147121,,,0.0247933884
Carlos III University of MadridSpain,34.8,37.2,,,-2.4,-0.0689655172,0.0047562426,,,0.0689655172
Brunel University LondonUnited Kingdom,34.7,37.2,,,-2.5,-0.0720461095,0.0051906419,,,0.0720461095
Queenâ€™s University BelfastUnited Kingdom,35.7,37.1,,,-1.4,-0.0392156863,0.00153787,,,0.0392156863
Royal College of Surgeons in IrelandIreland,33.9,37.1,,,-3.2,-0.0943952802,0.0089104689,,,0.0943952802
University of Nebraska Medical CenterUnited States,33.6,37.1,,,-3.5,-0.1041666667,0.0108506944,,,0.1041666667
Erciyes UniversityTurkey,30.3,37.1,,,-6.8,-0.2244224422,0.0503654326,,,0.2244224422
University of VigoSpain,38.1,37,,,1.1,0.0288713911,0.0008335572,,,0.0288713911
Loughborough UniversityUnited Kingdom,36.6,37,,,-0.4,-0.0109289617,0.0001194422,,,0.0109289617
Cardiff UniversityUnited Kingdom,34.6,37,,,-2.4,-0.0693641618,0.0048113869,,,0.0693641618
UiT The Arctic University of NorwayNorway,36.8,36.9,,,-0.1,-0.0027173913,7.38421550094539E-006,,,0.0027173913
New Mexico State UniversityUnited States,34.6,36.9,,,-2.3,-0.0664739884,0.0044187911,,,0.0664739884
Washington University in St LouisUnited States,33.5,36.9,,,-3.4,-0.1014925373,0.0103007351,,,0.1014925373
Case Western Reserve UniversityUnited States,34.1,36.8,,,-2.7,-0.0791788856,0.0062692959,,,0.0791788856
Warsaw University of TechnologyPoland,47.4,36.7,,,10.7,0.2257383966,0.0509578237,,,0.2257383966
University of BelgradeSerbia,45.6,36.7,,,8.9,0.1951754386,0.0380934518,,,0.1951754386
"Konkuk UniversityKorea, Republic of",36,36.7,,,-0.7,-0.0194444444,0.0003780864,,,0.0194444444
Tottori UniversityJapan,34.5,36.7,,,-2.2,-0.0637681159,0.0040663726,,,0.0637681159
Makerere UniversityUganda,33.1,36.7,,,-3.6,-0.1087613293,0.0118290268,,,0.1087613293
University of BergenNorway,36.2,36.6,,,-0.4,-0.0110497238,0.0001220964,,,0.0110497238
"Rutgers, the State University of New JerseyUnited States",35.9,36.6,,,-0.7,-0.0194986072,0.0003801957,,,0.0194986072
University of ReadingUnited Kingdom,34.2,36.6,,,-2.4,-0.0701754386,0.0049245922,,,0.0701754386
Florida Institute of TechnologyUnited States,33.4,36.6,,,-3.2,-0.0958083832,0.0091792463,,,0.0958083832
Arizona State UniversityUnited States,32,36.6,,,-4.6,-0.14375,0.0206640625,,,0.14375
Flinders UniversityAustralia,41.7,36.5,,,5.2,0.1247002398,0.0155501498,,,0.1247002398
Edith Cowan UniversityAustralia,34.5,36.5,,,-2,-0.0579710145,0.0033606385,,,0.0579710145
University of PisaItaly,31.4,36.5,,,-5.1,-0.1624203822,0.0263803805,,,0.1624203822
Syracuse UniversityUnited States,36.3,36.4,,,-0.1,-0.0027548209,0.000007589,,,0.0027548209
Tokai UniversityJapan,34.4,36.4,,,-2,-0.0581395349,0.0033802055,,,0.0581395349
Chang Gung UniversityTaiwan,31.9,36.4,,,-4.5,-0.1410658307,0.0198995686,,,0.1410658307
Novosibirsk State UniversityRussian Federation,38.2,36.3,,,1.9,0.0497382199,0.0024738905,,,0.0497382199
Universiti Putra MalaysiaMalaysia,34.2,36.3,,,-2.1,-0.0614035088,0.0037703909,,,0.0614035088
Oklahoma State UniversityUnited States,33.7,36.3,,,-2.6,-0.0771513353,0.0059523285,,,0.0771513353
Aligarh Muslim UniversityIndia,29.6,36.2,29.6,36.2,-6.6,-0.222972973,0.0497169467,,,0.222972973
"Chonbuk National UniversityKorea, Republic of",33.3,36.1,,,-2.8,-0.0840840841,0.0070701332,,,0.0840840841
University of SzegedHungary,33.2,36.1,,,-2.9,-0.0873493976,0.0076299173,,,0.0873493976
Niigata UniversityJapan,33,36.1,,,-3.1,-0.0939393939,0.0088246097,,,0.0939393939
University of LimerickIreland,34,36,,,-2,-0.0588235294,0.0034602076,,,0.0588235294
Cornell UniversityUnited States,33.7,36,,,-2.3,-0.0682492582,0.0046579612,,,0.0682492582
Gifu UniversityJapan,32.8,36,,,-3.2,-0.0975609756,0.009518144,,,0.0975609756
University of BradfordUnited Kingdom,32.7,36,,,-3.3,-0.1009174312,0.0101843279,,,0.1009174312
University of Modena and Reggio EmiliaItaly,32.3,36,,,-3.7,-0.1145510836,0.0131219508,,,0.1145510836
Oregon State UniversityUnited States,32.1,36,,,-3.9,-0.1214953271,0.0147611145,,,0.1214953271
University of MontanaUnited States,31,36,,,-5,-0.1612903226,0.0260145682,,,0.1612903226
Complutense University of MadridSpain,30.9,36,,,-5.1,-0.1650485437,0.0272410218,,,0.1650485437
"Binghamton University, State University of New YorkUnited States",34,35.9,,,-1.9,-0.0558823529,0.0031228374,,,0.0558823529
Chiang Mai UniversityThailand,32.3,35.9,,,-3.6,-0.1114551084,0.0124222412,,,0.1114551084
University of West BohemiaCzech Republic,32.1,35.9,,,-3.8,-0.1183800623,0.0140138392,,,0.1183800623
Montpellier UniversityFrance,31.9,35.9,,,-4,-0.1253918495,0.0157231159,,,0.1253918495
Autonomous University of MadridSpain,33,35.8,,,-2.8,-0.0848484848,0.0071992654,,,0.0848484848
"Royal Holloway, University of LondonUnited Kingdom",34.4,35.7,,,-1.3,-0.0377906977,0.0014281368,,,0.0377906977
University of StrasbourgFrance,32.8,35.7,,,-2.9,-0.0884146341,0.0078171475,,,0.0884146341
Swansea UniversityUnited Kingdom,32.7,35.7,,,-3,-0.0917431193,0.0084167999,,,0.0917431193
University of TriesteItaly,32.3,35.7,,,-3.4,-0.1052631579,0.0110803324,,,0.1052631579
University of Santiago de CompostelaSpain,32.3,35.7,,,-3.4,-0.1052631579,0.0110803324,,,0.1052631579
Pontifical Catholic University of ChileChile,28,35.7,,,-7.7,-0.275,0.075625,,,0.275
"Sejong UniversityKorea, Republic of",35.4,35.6,,,-0.2,-0.0056497175,3.19193079894037E-005,,,0.0056497175
Lancaster UniversityUnited Kingdom,33.6,35.6,,,-2,-0.0595238095,0.0035430839,,,0.0595238095
Stony Brook UniversityUnited States,33.4,35.6,,,-2.2,-0.0658682635,0.0043386281,,,0.0658682635
University of Eastern FinlandFinland,33.3,35.6,,,-2.3,-0.0690690691,0.0047705363,,,0.0690690691
Kindai UniversityJapan,33.2,35.6,,,-2.4,-0.0722891566,0.0052257222,,,0.0722891566
University of ArizonaUnited States,32.4,35.6,,,-3.2,-0.0987654321,0.0097546106,,,0.0987654321
Waseda UniversityJapan,32.4,35.6,,,-3.2,-0.0987654321,0.0097546106,,,0.0987654321
University of OtagoNew Zealand,31.5,35.6,,,-4.1,-0.1301587302,0.016941295,,,0.1301587302
"Chonnam National UniversityKorea, Republic of",31.4,35.6,,,-4.2,-0.1337579618,0.0178911923,,,0.1337579618
Western Sydney UniversityAustralia,30.7,35.6,,,-4.9,-0.1596091205,0.0254750714,,,0.1596091205
University of A CoruÃ±aSpain,38.2,35.5,,,2.7,0.0706806283,0.0049957512,,,0.0706806283
"St Georgeâ€™s, University of LondonUnited Kingdom",37.7,35.5,,,2.2,0.0583554377,0.0034053571,,,0.0583554377
Northeastern UniversityUnited States,32.9,35.5,,,-2.6,-0.0790273556,0.0062453229,,,0.0790273556
University of IoanninaGreece,32.9,35.5,,,-2.6,-0.0790273556,0.0062453229,,,0.0790273556
University of PaduaItaly,32.6,35.5,,,-2.9,-0.0889570552,0.0079133577,,,0.0889570552
Tulane UniversityUnited States,32.4,35.5,,,-3.1,-0.0956790123,0.0091544734,,,0.0956790123
Swinburne University of TechnologyAustralia,32.2,35.5,,,-3.3,-0.102484472,0.010503067,,,0.102484472
Andhra UniversityIndia,31.3,35.5,31.3,35.5,-4.2,-0.1341853035,0.0180056957,,,0.1341853035
National Yang-Ming UniversityTaiwan,30.2,35.5,,,-5.3,-0.1754966887,0.0307990878,,,0.1754966887
University of JyvÃ¤skylÃ¤Finland,34.2,35.4,,,-1.2,-0.0350877193,0.001231148,,,0.0350877193
Indian Institute of Technology GuwahatiIndia,32.3,35.4,32.3,35.4,-3.1,-0.0959752322,0.0092112452,,,0.0959752322
University of LjubljanaSlovenia,32.3,35.4,,,-3.1,-0.0959752322,0.0092112452,,,0.0959752322
Hebrew University of JerusalemIsrael,31.9,35.4,,,-3.5,-0.1097178683,0.0120380106,,,0.1097178683
Caâ€™ Foscari University of VeniceItaly,32.3,35.3,,,-3,-0.092879257,0.0086265564,,,0.092879257
University of BarcelonaSpain,31.1,35.3,,,-4.2,-0.1350482315,0.0182380248,,,0.1350482315
University of CagliariItaly,33.6,35.2,,,-1.6,-0.0476190476,0.0022675737,,,0.0476190476
Kaohsiung Medical UniversityTaiwan,33.2,35.2,,,-2,-0.0602409639,0.0036289737,,,0.0602409639
Florida International UniversityUnited States,32.7,35.2,,,-2.5,-0.0764525994,0.005845,,,0.0764525994
University of SalamancaSpain,31.6,35.2,,,-3.6,-0.1139240506,0.0129786893,,,0.1139240506
UmeÃ¥ UniversitySweden,31.1,35.2,,,-4.1,-0.1318327974,0.0173798865,,,0.1318327974
University of Rovira i VirgiliSpain,30.9,35.2,,,-4.3,-0.1391585761,0.0193651093,,,0.1391585761
Aix-Marseille UniversityFrance,33.1,35.1,,,-2,-0.0604229607,0.0036509342,,,0.0604229607
Central Queensland UniversityAustralia,32.5,35.1,,,-2.6,-0.08,0.0064,,,0.08
University of LeicesterUnited Kingdom,31.7,35.1,,,-3.4,-0.1072555205,0.0115037467,,,0.1072555205
University of ConnecticutUnited States,30.9,35.1,,,-4.2,-0.1359223301,0.0184748798,,,0.1359223301
Shantou UniversityChina,30.7,35.1,,,-4.4,-0.1433224756,0.020541332,,,0.1433224756
University of CanberraAustralia,36.2,35,,,1.2,0.0331491713,0.0010988676,,,0.0331491713
University of EdinburghUnited Kingdom,36.1,35,,,1.1,0.0304709141,0.0009284766,,,0.0304709141
University of Urbino Carlo BoItaly,31.2,35,,,-3.8,-0.1217948718,0.0148339908,,,0.1217948718
Slovak University of Technology in BratislavaSlovakia,33.2,34.9,,,-1.7,-0.0512048193,0.0026219335,,,0.0512048193
University of ExeterUnited Kingdom,31.9,34.9,,,-3,-0.0940438871,0.0088442527,,,0.0940438871
Ã‰cole Normale SupÃ©rieure de LyonFrance,31.7,34.9,,,-3.2,-0.1009463722,0.0101901701,,,0.1009463722
University of HelsinkiFinland,31.6,34.9,,,-3.3,-0.1044303797,0.0109057042,,,0.1044303797
Aberystwyth UniversityUnited Kingdom,31.3,34.9,,,-3.6,-0.1150159744,0.0132286744,,,0.1150159744
University of GeorgiaUnited States,30.9,34.9,,,-4,-0.1294498382,0.0167572606,,,0.1294498382
University of ReginaCanada,34.4,34.8,,,-0.4,-0.011627907,0.0001352082,,,0.011627907
London School of Economics and Political ScienceUnited Kingdom,32.2,34.8,,,-2.6,-0.0807453416,0.0065198102,,,0.0807453416
University of GÃ¶ttingenGermany,31.8,34.8,,,-3,-0.0943396226,0.0088999644,,,0.0943396226
Alexandria UniversityEgypt,29.7,34.8,,,-5.1,-0.1717171717,0.0294867871,,,0.1717171717
University of Cergy-PontoiseFrance,28.6,34.8,,,-6.2,-0.2167832168,0.0469949631,,,0.2167832168
Qatar UniversityQatar,55.2,34.7,,,20.5,0.3713768116,0.1379207362,,,0.3713768116
University of SienaItaly,33.2,34.7,,,-1.5,-0.0451807229,0.0020412977,,,0.0451807229
University of WaikatoNew Zealand,30.7,34.7,,,-4,-0.1302931596,0.0169763074,,,0.1302931596
University of the Basque CountrySpain,30.3,34.7,,,-4.4,-0.1452145215,0.0210872572,,,0.1452145215
University of CyprusCyprus,30,34.7,,,-4.7,-0.1566666667,0.0245444444,,,0.1566666667
UniversitÃ© de SherbrookeCanada,29.6,34.7,,,-5.1,-0.1722972973,0.0296863587,,,0.1722972973
National Chengchi UniversityTaiwan,31.3,34.6,,,-3.3,-0.1054313099,0.0111157611,,,0.1054313099
University of BordeauxFrance,30.6,34.6,,,-4,-0.1307189542,0.017087445,,,0.1307189542
University of CataniaItaly,29.5,34.6,,,-5.1,-0.1728813559,0.0298879632,,,0.1728813559
SÃ£o Paulo State University (UNESP)Brazil,40.1,34.5,,,5.6,0.1396508728,0.0195023663,,,0.1396508728
University of TartuEstonia,31.5,34.5,,,-3,-0.0952380952,0.0090702948,,,0.0952380952
University of TurkuFinland,31.2,34.5,,,-3.3,-0.1057692308,0.0111871302,,,0.1057692308
Semmelweis UniversityHungary,30.7,34.5,,,-3.8,-0.1237785016,0.0153211175,,,0.1237785016
University of ValenciaSpain,31.3,34.4,,,-3.1,-0.0990415335,0.0098092254,,,0.0990415335
Concordia UniversityCanada,30.9,34.4,,,-3.5,-0.1132686084,0.0128297777,,,0.1132686084
Boston UniversityUnited States,30.3,34.4,,,-4.1,-0.1353135314,0.0183097518,,,0.1353135314
Aston UniversityUnited Kingdom,34.6,34.3,,,0.3,0.0086705202,7.51779210798912E-005,,,0.0086705202
University of Castilla-La ManchaSpain,29.7,34.3,,,-4.6,-0.1548821549,0.0239884819,,,0.1548821549
Florida State UniversityUnited States,32,34.2,,,-2.2,-0.06875,0.0047265625,,,0.06875
University of HullUnited Kingdom,31.8,34.2,,,-2.4,-0.0754716981,0.0056959772,,,0.0754716981
Kanazawa UniversityJapan,30.4,34.2,,,-3.8,-0.125,0.015625,,,0.125
Miami UniversityUnited States,30.2,34.2,,,-4,-0.1324503311,0.0175430902,,,0.1324503311
Ohio UniversityUnited States,30.1,34.2,,,-4.1,-0.1362126246,0.0185538791,,,0.1362126246
University of Marrakech Cadi AyyadMorocco,29.2,34.2,,,-5,-0.1712328767,0.0293206981,,,0.1712328767
Capital Medical UniversityChina,28.8,34.2,,,-5.4,-0.1875,0.03515625,,,0.1875
University of PalermoItaly,28,34.2,,,-6.2,-0.2214285714,0.0490306122,,,0.2214285714
University of YorkUnited Kingdom,31.1,34.1,,,-3,-0.0964630225,0.0093051147,,,0.0964630225
Deakin UniversityAustralia,30,34.1,,,-4.1,-0.1366666667,0.0186777778,,,0.1366666667
Tokyo Metropolitan UniversityJapan,30.9,34,,,-3.1,-0.1003236246,0.0100648297,,,0.1003236246
University of Wisconsin-MilwaukeeUnited States,29,34,,,-5,-0.1724137931,0.0297265161,,,0.1724137931
Universiti Kebangsaan MalaysiaMalaysia,28.4,34,,,-5.6,-0.1971830986,0.0388811744,,,0.1971830986
Brown UniversityUnited States,31.4,33.9,,,-2.5,-0.0796178344,0.0063389996,,,0.0796178344
Carleton UniversityCanada,30.4,33.9,,,-3.5,-0.1151315789,0.0132552805,,,0.1151315789
Saint Louis UniversityUnited States,29.9,33.9,,,-4,-0.1337792642,0.0178968915,,,0.1337792642
Auckland University of TechnologyNew Zealand,28.5,33.9,,,-5.4,-0.1894736842,0.035900277,,,0.1894736842
Pontifical Catholic University of ParanÃ¡Brazil,28,33.9,,,-5.9,-0.2107142857,0.0444005102,,,0.2107142857
Brandeis UniversityUnited States,38.6,33.8,,,4.8,0.1243523316,0.0154635024,,,0.1243523316
Stockholm UniversitySweden,31.1,33.8,,,-2.7,-0.0868167203,0.0075371429,,,0.0868167203
University of MissouriUnited States,31.1,33.8,,,-2.7,-0.0868167203,0.0075371429,,,0.0868167203
University of JordanJordan,28.8,33.8,,,-5,-0.1736111111,0.0301408179,,,0.1736111111
University of St AndrewsUnited Kingdom,30.6,33.7,,,-3.1,-0.1013071895,0.0102631467,,,0.1013071895
University of SussexUnited Kingdom,30.6,33.7,,,-3.1,-0.1013071895,0.0102631467,,,0.1013071895
University of StirlingUnited Kingdom,30.4,33.7,,,-3.3,-0.1085526316,0.0117836738,,,0.1085526316
Rochester Institute of TechnologyUnited States,30.4,33.7,,,-3.3,-0.1085526316,0.0117836738,,,0.1085526316
University of HaifaIsrael,30.3,33.7,,,-3.4,-0.1122112211,0.0125913581,,,0.1122112211
Ã–rebro UniversitySweden,29.8,33.7,,,-3.9,-0.1308724832,0.0171276069,,,0.1308724832
Suranaree University of TechnologyThailand,38.1,33.6,,,4.5,0.1181102362,0.0139500279,,,0.1181102362
Bangor UniversityUnited Kingdom,31,33.6,,,-2.6,-0.0838709677,0.0070343392,,,0.0838709677
Federal University of Minas GeraisBrazil,30.7,33.6,,,-2.9,-0.0944625407,0.0089231716,,,0.0944625407
New York UniversityUnited States,30.4,33.6,,,-3.2,-0.1052631579,0.0110803324,,,0.1052631579
"Tehran University of Medical SciencesIran, Islamic Republic of",30,33.6,,,-3.6,-0.12,0.0144,,,0.12
Jagiellonian UniversityPoland,28,33.6,,,-5.6,-0.2,0.04,,,0.2
Oakland UniversityUnited States,30.3,33.5,,,-3.2,-0.1056105611,0.0111535906,,,0.1056105611
University of ViennaAustria,30.2,33.5,,,-3.3,-0.1092715232,0.0119402658,,,0.1092715232
University of MurciaSpain,29.5,33.5,,,-4,-0.1355932203,0.0183855214,,,0.1355932203
University of BrightonUnited Kingdom,29.4,33.5,,,-4.1,-0.1394557823,0.0194479152,,,0.1394557823
University of CalcuttaIndia,29.2,33.5,,,-4.3,-0.147260274,0.0216855883,,,0.147260274
Masaryk UniversityCzech Republic,28.5,33.5,,,-5,-0.1754385965,0.0307787011,,,0.1754385965
University of OviedoSpain,34.1,33.4,,,0.7,0.0205278592,0.000421393,,,0.0205278592
"University of Maryland, Baltimore CountyUnited States",31.7,33.4,,,-1.7,-0.0536277603,0.0028759367,,,0.0536277603
Cairo UniversityEgypt,30.3,33.4,,,-3.1,-0.102310231,0.0104673834,,,0.102310231
University of GreenwichUnited Kingdom,30,33.4,,,-3.4,-0.1133333333,0.0128444444,,,0.1133333333
Sophia UniversityJapan,29.5,33.4,,,-3.9,-0.1322033898,0.0174777363,,,0.1322033898
George Mason UniversityUnited States,29.1,33.4,,,-4.3,-0.147766323,0.0218348862,,,0.147766323
University of OregonUnited States,30.8,33.3,,,-2.5,-0.0811688312,0.0065883792,,,0.0811688312
Saitama UniversityJapan,29.6,33.3,,,-3.7,-0.125,0.015625,,,0.125
Saint Petersburg State UniversityRussian Federation,29.5,33.3,,,-3.8,-0.1288135593,0.0165929331,,,0.1288135593
University of LincolnUnited Kingdom,29.3,33.3,,,-4,-0.1365187713,0.0186373749,,,0.1365187713
"City, University of LondonUnited Kingdom",28.9,33.3,,,-4.4,-0.1522491349,0.0231797991,,,0.1522491349
American University of SharjahUnited Arab Emirates,33.3,33.2,,,0.1,0.003003003,0.000009018,,,0.003003003
Prince of Songkla UniversityThailand,31.6,33.2,,,-1.6,-0.0506329114,0.0025636917,,,0.0506329114
Jordan University of Science and TechnologyJordan,31.4,33.2,,,-1.8,-0.0573248408,0.0032861374,,,0.0573248408
United Arab Emirates UniversityUnited Arab Emirates,30.1,33.2,,,-3.1,-0.1029900332,0.0106069469,,,0.1029900332
Glasgow Caledonian UniversityUnited Kingdom,29.9,33.2,,,-3.3,-0.110367893,0.0121810718,,,0.110367893
University of GranadaSpain,29.4,33.2,,,-3.8,-0.1292517007,0.0167060021,,,0.1292517007
San Diego State UniversityUnited States,29.3,33.2,,,-3.9,-0.133105802,0.0177171545,,,0.133105802
University of GrazAustria,29.3,33.2,,,-3.9,-0.133105802,0.0177171545,,,0.133105802
Keele UniversityUnited Kingdom,29.3,33.2,,,-3.9,-0.133105802,0.0177171545,,,0.133105802
University of North Carolina at GreensboroUnited States,28.9,33.2,,,-4.3,-0.1487889273,0.0221381449,,,0.1487889273
Universiti Teknologi MalaysiaMalaysia,31.1,33.1,,,-2,-0.0643086817,0.0041356065,,,0.0643086817
"Birla Institute of Technology and Science, PilaniIndia",29.6,33.1,,,-3.5,-0.1182432432,0.0139814646,,,0.1182432432
Ulster UniversityUnited Kingdom,29.2,33.1,,,-3.9,-0.1335616438,0.0178387127,,,0.1335616438
University of HertfordshireUnited Kingdom,29.3,33,,,-3.7,-0.1262798635,0.0159466039,,,0.1262798635
Savitribai Phule Pune UniversityIndia,29.3,33,,,-3.7,-0.1262798635,0.0159466039,,,0.1262798635
Northumbria UniversityUnited Kingdom,29.1,33,,,-3.9,-0.1340206186,0.0179615262,,,0.1340206186
"University of SeoulKorea, Republic of",28.9,33,,,-4.1,-0.1418685121,0.0201266747,,,0.1418685121
George Washington UniversityUnited States,29.5,32.9,,,-3.4,-0.1152542373,0.0132835392,,,0.1152542373
EÃ¶tvÃ¶s LorÃ¡nd UniversityHungary,29.3,32.9,,,-3.6,-0.1228668942,0.0150962737,,,0.1228668942
Paris Diderot University â€“ Paris 7France,29,32.9,,,-3.9,-0.1344827586,0.0180856124,,,0.1344827586
Hong Kong Baptist UniversityHong Kong,28.8,32.9,,,-4.1,-0.1423611111,0.020266686,,,0.1423611111
PalackÃ½ University in OlomoucCzech Republic,28.7,32.9,,,-4.2,-0.1463414634,0.0214158239,,,0.1463414634
University of the West of EnglandUnited Kingdom,28.5,32.9,,,-4.4,-0.1543859649,0.0238350262,,,0.1543859649
University of LatviaLatvia,28.3,32.9,,,-4.6,-0.1625441696,0.0264206071,,,0.1625441696
University of HuddersfieldUnited Kingdom,28,32.9,,,-4.9,-0.175,0.030625,,,0.175
University of NairobiKenya,28,32.9,,,-4.9,-0.175,0.030625,,,0.175
University of EssexUnited Kingdom,28.9,32.8,,,-3.9,-0.1349480969,0.0182109889,,,0.1349480969
Bar-Ilan UniversityIsrael,28.9,32.8,,,-3.9,-0.1349480969,0.0182109889,,,0.1349480969
De Montfort UniversityUnited Kingdom,28.5,32.8,,,-4.3,-0.150877193,0.0227639274,,,0.150877193
University of PardubiceCzech Republic,28.3,32.8,,,-4.5,-0.1590106007,0.0252843711,,,0.1590106007
Taras Shevchenko National University of KyivUkraine,28,32.8,,,-4.8,-0.1714285714,0.0293877551,,,0.1714285714
William & MaryUnited States,29.1,32.7,,,-3.6,-0.1237113402,0.0153044957,,,0.1237113402
University of Central LancashireUnited Kingdom,28.9,32.7,,,-3.8,-0.1314878893,0.017289065,,,0.1314878893
Liverpool John Moores UniversityUnited Kingdom,28.8,32.7,,,-3.9,-0.1354166667,0.0183376736,,,0.1354166667
University of SalfordUnited Kingdom,28.8,32.7,,,-3.9,-0.1354166667,0.0183376736,,,0.1354166667
University of Southern QueenslandAustralia,28.8,32.7,,,-3.9,-0.1354166667,0.0183376736,,,0.1354166667
Adam Mickiewicz UniversityPoland,28.7,32.7,,,-4,-0.1393728223,0.0194247836,,,0.1393728223
BabeÅŸ-Bolyai UniversityRomania,28.6,32.7,,,-4.1,-0.1433566434,0.0205511272,,,0.1433566434
University of La LagunaSpain,28.5,32.7,,,-4.2,-0.1473684211,0.0217174515,,,0.1473684211
University of WarsawPoland,28.5,32.7,,,-4.2,-0.1473684211,0.0217174515,,,0.1473684211
Kingston UniversityUnited Kingdom,28.5,32.7,,,-4.2,-0.1473684211,0.0217174515,,,0.1473684211
State University of New York AlbanyUnited States,28,32.7,,,-4.7,-0.1678571429,0.0281760204,,,0.1678571429
National University of Sciences and TechnologyPakistan,31.3,32.6,,,-1.3,-0.0415335463,0.0017250355,,,0.0415335463
Coventry UniversityUnited Kingdom,29.1,32.6,,,-3.5,-0.1202749141,0.014466055,,,0.1202749141
University of PortsmouthUnited Kingdom,28.9,32.6,,,-3.7,-0.1280276817,0.0163910873,,,0.1280276817
"Birkbeck, University of LondonUnited Kingdom",28.5,32.6,,,-4.1,-0.1438596491,0.0206955986,,,0.1438596491
The Open UniversityUnited Kingdom,28.4,32.6,,,-4.2,-0.1478873239,0.0218706606,,,0.1478873239
Hacettepe UniversityTurkey,28.2,32.6,,,-4.4,-0.1560283688,0.0243448519,,,0.1560283688
Paris-Sud UniversityFrance,28.8,32.5,,,-3.7,-0.1284722222,0.0165051119,,,0.1284722222
University of KentUnited Kingdom,28.8,32.5,,,-3.7,-0.1284722222,0.0165051119,,,0.1284722222
Sheffield Hallam UniversityUnited Kingdom,28.6,32.5,,,-3.9,-0.1363636364,0.0185950413,,,0.1363636364
Plymouth UniversityUnited Kingdom,28.5,32.5,,,-4,-0.1403508772,0.0196983687,,,0.1403508772
University of Nice Sophia AntipolisFrance,28.5,32.5,,,-4,-0.1403508772,0.0196983687,,,0.1403508772
UniversitÃ© du QuÃ©bec Ã  MontrÃ©alCanada,29.2,32.4,,,-3.2,-0.1095890411,0.0120097579,,,0.1095890411
Bournemouth UniversityUnited Kingdom,28.8,32.4,,,-3.6,-0.125,0.015625,,,0.125
University of South AfricaSouth Africa,28.8,32.4,,,-3.6,-0.125,0.015625,,,0.125
V.N. Karazin Kharkiv National UniversityUkraine,28.8,32.4,,,-3.6,-0.125,0.015625,,,0.125
University of Texas at San AntonioUnited States,28.6,32.4,,,-3.8,-0.1328671329,0.017653675,,,0.1328671329
University of East AngliaUnited Kingdom,28.5,32.4,,,-3.9,-0.1368421053,0.0187257618,,,0.1368421053
Kent State UniversityUnited States,28.5,32.4,,,-3.9,-0.1368421053,0.0187257618,,,0.1368421053
University of WestminsterUnited Kingdom,28.5,32.4,,,-3.9,-0.1368421053,0.0187257618,,,0.1368421053
PanthÃ©on-Sorbonne University â€“ Paris 1France,28.3,32.4,,,-4.1,-0.1448763251,0.0209891496,,,0.1448763251
Universiti Teknologi MARAMalaysia,28.3,32.4,,,-4.1,-0.1448763251,0.0209891496,,,0.1448763251
Charles University in PragueCzech Republic,28.2,32.4,,,-4.2,-0.1489361702,0.0221819828,,,0.1489361702
Comenius University in BratislavaSlovakia,28,32.4,,,-4.4,-0.1571428571,0.0246938776,,,0.1571428571
"University of Santiago, Chile (USACH)Chile",31,32.3,,,-1.3,-0.0419354839,0.0017585848,,,0.0419354839
Georgia State UniversityUnited States,28.7,32.3,,,-3.6,-0.1254355401,0.0157340747,,,0.1254355401
Oxford Brookes UniversityUnited Kingdom,28.4,32.3,,,-3.9,-0.1373239437,0.0188578655,,,0.1373239437
Nottingham Trent UniversityUnited Kingdom,28.4,32.3,,,-3.9,-0.1373239437,0.0188578655,,,0.1373239437
Manchester Metropolitan UniversityUnited Kingdom,28.3,32.3,,,-4,-0.1413427562,0.0199777747,,,0.1413427562
Panjab UniversityIndia,28.1,32.3,,,-4.2,-0.1494661922,0.0223401426,,,0.1494661922
University of BucharestRomania,29.5,32.2,,,-2.7,-0.0915254237,0.0083769032,,,0.0915254237
Paris-Sorbonne University â€“ Paris 4France,28.5,32.2,,,-3.7,-0.1298245614,0.0168544167,,,0.1298245614
Alexandru Ioan Cuza UniversityRomania,28.2,32.2,,,-4,-0.1418439716,0.0201197123,,,0.1418439716
Stellenbosch UniversitySouth Africa,100,32.1,,,67.9,0.679,0.461041,,,0.679
University of DelhiIndia,28.2,32.1,,,-3.9,-0.1382978723,0.0191263015,,,0.1382978723
Dublin Institute of TechnologyIreland,28.1,32.1,,,-4,-0.1423487544,0.0202631679,,,0.1423487544
University of Silesia in KatowicePoland,28.1,32.1,,,-4,-0.1423487544,0.0202631679,,,0.1423487544
Belarusian State UniversityBelarus,28,32.1,,,-4.1,-0.1464285714,0.0214413265,,,0.1464285714
University of Electronic Science and Technology of ChinaChina,28,32.1,,,-4.1,-0.1464285714,0.0214413265,,,0.1464285714
,,,,,,,,,,
,,,,,,,30.5064552896,,,88.6469385354
,,,,,,,0.0410033001,,,0.1191491109
,,,,,,,0.2024927162,,,
